loss,grad_norm,learning_rate,epoch,step,eval_loss,eval_wer,eval_cer,eval_runtime,eval_samples_per_second,eval_steps_per_second,train_runtime,train_samples_per_second,train_steps_per_second,total_flos,train_loss
3.2215,867.0762939453125,3.5714285714285716e-07,0.08898776418242492,10,,,,,,,,,,,
3.1222,535.4824829101562,8.928571428571429e-07,0.17797552836484984,20,,,,,,,,,,,
2.4617,213.9803009033203,1.4880952380952381e-06,0.26696329254727474,30,,,,,,,,,,,
1.9129,163.92752075195312,2.0833333333333334e-06,0.3559510567296997,40,,,,,,,,,,,
1.3779,129.35580444335938,2.6785714285714285e-06,0.44493882091212456,50,,,,,,,,,,,
0.9528,84.96761322021484,3.273809523809524e-06,0.5339265850945495,60,,,,,,,,,,,
0.8093,106.25621795654297,3.869047619047619e-06,0.6229143492769744,70,,,,,,,,,,,
0.6736,104.11602783203125,4.464285714285715e-06,0.7119021134593994,80,,,,,,,,,,,
0.5927,77.50786590576172,5.05952380952381e-06,0.8008898776418243,90,,,,,,,,,,,
0.5386,84.28959655761719,5.595238095238096e-06,0.8898776418242491,100,,,,,,,,,,,
,,,0.8898776418242491,100,1.0636018514633179,0.7261410788381742,0.4456066945606695,251.3372,0.175,0.175,,,,,
0.4808,85.19226837158203,6.1904761904761914e-06,0.978865406006674,110,,,,,,,,,,,
0.384,60.343719482421875,6.785714285714287e-06,1.067853170189099,120,,,,,,,,,,,
0.38,105.67585754394531,7.380952380952382e-06,1.156840934371524,130,,,,,,,,,,,
0.3114,67.11734771728516,7.976190476190477e-06,1.2458286985539488,140,,,,,,,,,,,
0.2928,87.9760971069336,8.571428571428571e-06,1.3348164627363737,150,,,,,,,,,,,
0.2419,61.58634567260742,9.166666666666666e-06,1.4238042269187987,160,,,,,,,,,,,
0.2204,84.08690643310547,9.761904761904762e-06,1.5127919911012235,170,,,,,,,,,,,
0.1872,66.29289245605469,9.960317460317462e-06,1.6017797552836486,180,,,,,,,,,,,
0.1015,51.48881149291992,9.894179894179896e-06,1.6907675194660734,190,,,,,,,,,,,
0.0764,60.688865661621094,9.828042328042328e-06,1.7797552836484982,200,,,,,,,,,,,
,,,1.7797552836484982,200,0.8505750298500061,1.2406639004149378,0.9163179916317992,271.1685,0.162,0.162,,,,,
0.067,51.61477279663086,9.761904761904762e-06,1.8687430478309233,210,,,,,,,,,,,
0.0679,33.94939041137695,9.695767195767196e-06,1.9577308120133483,220,,,,,,,,,,,
0.0307,15.33551025390625,9.62962962962963e-06,2.046718576195773,230,,,,,,,,,,,
0.0241,23.799999237060547,9.563492063492064e-06,2.135706340378198,240,,,,,,,,,,,
0.0281,31.21080780029297,9.497354497354498e-06,2.2246941045606228,250,,,,,,,,,,,
0.0336,4.882189750671387,9.431216931216932e-06,2.313681868743048,260,,,,,,,,,,,
0.0287,41.1759033203125,9.365079365079366e-06,2.402669632925473,270,,,,,,,,,,,
0.0235,18.633529663085938,9.2989417989418e-06,2.4916573971078977,280,,,,,,,,,,,
0.0262,5.7859416007995605,9.232804232804234e-06,2.5806451612903225,290,,,,,,,,,,,
0.012,3.3759427070617676,9.166666666666666e-06,2.6696329254727473,300,,,,,,,,,,,
,,,2.6696329254727473,300,1.0152193307876587,1.0871369294605808,0.7604602510460251,271.0891,0.162,0.162,,,,,
0.013,3.5313186645507812,9.1005291005291e-06,2.7586206896551726,310,,,,,,,,,,,
0.0218,27.828901290893555,9.034391534391536e-06,2.8476084538375974,320,,,,,,,,,,,
0.0319,22.846940994262695,8.968253968253968e-06,2.9365962180200222,330,,,,,,,,,,,
0.0298,35.0449104309082,8.902116402116403e-06,3.025583982202447,340,,,,,,,,,,,
0.0136,1.088552713394165,8.835978835978837e-06,3.114571746384872,350,,,,,,,,,,,
0.0058,107.71330261230469,8.76984126984127e-06,3.203559510567297,360,,,,,,,,,,,
0.0133,5.843476295471191,8.703703703703705e-06,3.292547274749722,370,,,,,,,,,,,
0.0058,10.99173641204834,8.637566137566139e-06,3.381535038932147,380,,,,,,,,,,,
0.014,43.41714096069336,8.571428571428571e-06,3.4705228031145716,390,,,,,,,,,,,
0.0085,24.565919876098633,8.505291005291007e-06,3.5595105672969964,400,,,,,,,,,,,
,,,3.5595105672969964,400,1.0083740949630737,0.7178423236514523,0.4382845188284519,253.1949,0.174,0.174,,,,,
0.0036,21.62019920349121,8.43915343915344e-06,3.6484983314794217,410,,,,,,,,,,,
0.0101,19.101444244384766,8.373015873015875e-06,3.7374860956618465,420,,,,,,,,,,,
0.0151,19.538442611694336,8.306878306878307e-06,3.8264738598442714,430,,,,,,,,,,,
0.0188,30.946998596191406,8.240740740740741e-06,3.915461624026696,440,,,,,,,,,,,
0.0075,7.131682872772217,8.174603174603175e-06,4.004449388209121,450,,,,,,,,,,,
0.0107,22.520660400390625,8.108465608465609e-06,4.093437152391546,460,,,,,,,,,,,
0.0035,1.352567434310913,8.042328042328043e-06,4.1824249165739715,470,,,,,,,,,,,
0.0026,28.896427154541016,7.976190476190477e-06,4.271412680756396,480,,,,,,,,,,,
0.0047,2.4107518196105957,7.910052910052911e-06,4.360400444938821,490,,,,,,,,,,,
0.0044,1.958419680595398,7.843915343915345e-06,4.4493882091212456,500,,,,,,,,,,,
,,,4.4493882091212456,500,1.2753429412841797,0.8921161825726142,0.8922594142259415,270.6016,0.163,0.163,,,,,
0.0025,16.124082565307617,7.77777777777778e-06,4.538375973303671,510,,,,,,,,,,,
0.0076,1.6420539617538452,7.711640211640211e-06,4.627363737486096,520,,,,,,,,,,,
0.0079,10.432781219482422,7.645502645502646e-06,4.7163515016685205,530,,,,,,,,,,,
0.0049,1.8978538513183594,7.5793650793650795e-06,4.805339265850946,540,,,,,,,,,,,
0.0039,23.979713439941406,7.5132275132275136e-06,4.89432703003337,550,,,,,,,,,,,
0.0015,15.091867446899414,7.447089947089947e-06,4.983314794215795,560,,,,,,,,,,,
0.0024,2.254138469696045,7.380952380952382e-06,5.072302558398221,570,,,,,,,,,,,
0.0031,0.7996967434883118,7.314814814814816e-06,5.161290322580645,580,,,,,,,,,,,
0.0029,0.3507348597049713,7.24867724867725e-06,5.25027808676307,590,,,,,,,,,,,
0.0011,0.1078612208366394,7.182539682539683e-06,5.339265850945495,600,,,,,,,,,,,
,,,5.339265850945495,600,1.28734290599823,1.2821576763485478,1.0575313807531381,284.1767,0.155,0.155,,,,,
0.0069,51.178436279296875,7.116402116402117e-06,5.42825361512792,610,,,,,,,,,,,
0.0034,0.4455217719078064,7.050264550264551e-06,5.517241379310345,620,,,,,,,,,,,
0.0048,0.27407076954841614,6.984126984126984e-06,5.60622914349277,630,,,,,,,,,,,
0.0045,1.7783173322677612,6.917989417989418e-06,5.695216907675195,640,,,,,,,,,,,
0.0079,11.297531127929688,6.851851851851853e-06,5.784204671857619,650,,,,,,,,,,,
0.0013,0.4087900221347809,6.785714285714287e-06,5.8731924360400445,660,,,,,,,,,,,
0.0013,0.03585415706038475,6.71957671957672e-06,5.96218020022247,670,,,,,,,,,,,
0.0046,2.637176513671875,6.653439153439154e-06,6.051167964404894,680,,,,,,,,,,,
0.0007,0.030147835612297058,6.587301587301588e-06,6.140155728587319,690,,,,,,,,,,,
0.0003,0.048217982053756714,6.521164021164021e-06,6.229143492769744,700,,,,,,,,,,,
,,,6.229143492769744,700,1.425132155418396,1.120331950207469,0.9069037656903766,273.5359,0.161,0.161,,,,,
0.0004,0.12774716317653656,6.455026455026455e-06,6.318131256952169,710,,,,,,,,,,,
0.0014,0.11775440722703934,6.3888888888888885e-06,6.407119021134594,720,,,,,,,,,,,
0.0001,0.5280460715293884,6.322751322751323e-06,6.496106785317019,730,,,,,,,,,,,
0.0001,0.017738375812768936,6.256613756613757e-06,6.585094549499444,740,,,,,,,,,,,
0.0002,0.03243517130613327,6.1904761904761914e-06,6.674082313681868,750,,,,,,,,,,,
0.002,1.7872275114059448,6.124338624338625e-06,6.763070077864294,760,,,,,,,,,,,
0.0021,0.02348778210580349,6.058201058201059e-06,6.852057842046719,770,,,,,,,,,,,
0.0006,0.05245503410696983,5.992063492063493e-06,6.941045606229143,780,,,,,,,,,,,
0.0004,0.032488174736499786,5.925925925925926e-06,7.0300333704115685,790,,,,,,,,,,,
0.0021,0.011692225001752377,5.85978835978836e-06,7.119021134593993,800,,,,,,,,,,,
,,,7.119021134593993,800,1.4279217720031738,0.7053941908713693,0.4707112970711297,255.6821,0.172,0.172,,,,,
0.0001,0.03475106880068779,5.793650793650795e-06,7.208008898776418,810,,,,,,,,,,,
0.0001,0.5954692959785461,5.727513227513229e-06,7.296996662958843,820,,,,,,,,,,,
0.0001,0.026391448453068733,5.661375661375662e-06,7.385984427141268,830,,,,,,,,,,,
0.0011,0.046694960445165634,5.595238095238096e-06,7.474972191323693,840,,,,,,,,,,,
0.0001,0.014275900088250637,5.52910052910053e-06,7.563959955506117,850,,,,,,,,,,,
0.0003,0.011415536515414715,5.462962962962963e-06,7.652947719688543,860,,,,,,,,,,,
0.0009,0.09420774132013321,5.396825396825397e-06,7.741935483870968,870,,,,,,,,,,,
0.0,0.01665201224386692,5.33068783068783e-06,7.830923248053392,880,,,,,,,,,,,
0.0014,0.016870755702257156,5.264550264550265e-06,7.919911012235818,890,,,,,,,,,,,
0.0001,0.04382584989070892,5.198412698412699e-06,8.008898776418242,900,,,,,,,,,,,
,,,8.008898776418242,900,1.3704835176467896,0.7095435684647303,0.4215481171548117,257.1765,0.171,0.171,,,,,
0.0,0.020557599142193794,5.132275132275133e-06,8.097886540600667,910,,,,,,,,,,,
0.0003,0.031664859503507614,5.066137566137566e-06,8.186874304783093,920,,,,,,,,,,,
0.0001,0.03050396777689457,5e-06,8.275862068965518,930,,,,,,,,,,,
0.0,0.019738847389817238,4.9338624338624344e-06,8.364849833147943,940,,,,,,,,,,,
0.0,0.014180116355419159,4.867724867724868e-06,8.453837597330367,950,,,,,,,,,,,
0.0,0.02364279516041279,4.8015873015873025e-06,8.542825361512792,960,,,,,,,,,,,
0.0,0.024281799793243408,4.735449735449736e-06,8.631813125695217,970,,,,,,,,,,,
0.0,0.013880318962037563,4.66931216931217e-06,8.720800889877642,980,,,,,,,,,,,
0.0001,0.016248973086476326,4.603174603174604e-06,8.809788654060068,990,,,,,,,,,,,
0.0,0.009637774899601936,4.537037037037038e-06,8.898776418242491,1000,,,,,,,,,,,
,,,8.898776418242491,1000,1.41801118850708,0.6970954356846473,0.4445606694560669,268.4594,0.164,0.164,,,,,
0.0,0.0817638710141182,4.470899470899471e-06,8.987764182424916,1010,,,,,,,,,,,
0.0,0.02959839254617691,4.404761904761905e-06,9.076751946607342,1020,,,,,,,,,,,
0.0,0.01054720114916563,4.338624338624339e-06,9.165739710789767,1030,,,,,,,,,,,
0.0,0.01044251024723053,4.272486772486773e-06,9.254727474972192,1040,,,,,,,,,,,
0.0,0.056997254490852356,4.206349206349207e-06,9.343715239154616,1050,,,,,,,,,,,
0.0,0.00998226460069418,4.14021164021164e-06,9.432703003337041,1060,,,,,,,,,,,
0.0,0.012722926214337349,4.074074074074074e-06,9.521690767519466,1070,,,,,,,,,,,
0.0,0.0054325140081346035,4.007936507936508e-06,9.610678531701891,1080,,,,,,,,,,,
0.0,0.00881277211010456,3.941798941798942e-06,9.699666295884317,1090,,,,,,,,,,,
0.0,0.006596194114536047,3.875661375661376e-06,9.78865406006674,1100,,,,,,,,,,,
,,,9.78865406006674,1100,1.4395703077316284,0.6846473029045643,0.4435146443514644,276.7791,0.159,0.159,,,,,
0.0,0.007137775421142578,3.80952380952381e-06,9.877641824249165,1110,,,,,,,,,,,
0.0,0.013907583430409431,3.743386243386244e-06,9.96662958843159,1120,,,,,,,,,,,
0.0,0.010420689359307289,3.6772486772486774e-06,10.055617352614016,1130,,,,,,,,,,,
0.0,0.005907116923481226,3.6111111111111115e-06,10.144605116796441,1140,,,,,,,,,,,
0.0,0.014376016333699226,3.544973544973545e-06,10.233592880978865,1150,,,,,,,,,,,
0.0,0.009651453234255314,3.4788359788359795e-06,10.32258064516129,1160,,,,,,,,,,,
0.0,0.006659718230366707,3.412698412698413e-06,10.411568409343715,1170,,,,,,,,,,,
0.0,0.005752910859882832,3.3465608465608467e-06,10.50055617352614,1180,,,,,,,,,,,
0.0,0.013013150542974472,3.2804232804232807e-06,10.589543937708566,1190,,,,,,,,,,,
0.0,0.01251310110092163,3.2142857142857147e-06,10.67853170189099,1200,,,,,,,,,,,
,,,10.67853170189099,1200,1.4428250789642334,0.6887966804979253,0.45292887029288703,256.9342,0.171,0.171,,,,,
0.0,0.009061562828719616,3.1481481481481483e-06,10.767519466073415,1210,,,,,,,,,,,
0.0,0.009754311293363571,3.0820105820105823e-06,10.85650723025584,1220,,,,,,,,,,,
0.0,0.009851835668087006,3.015873015873016e-06,10.945494994438265,1230,,,,,,,,,,,
0.0,0.006444290746003389,2.9497354497354504e-06,11.03448275862069,1240,,,,,,,,,,,
0.0,0.008464058861136436,2.883597883597884e-06,11.123470522803114,1250,,,,,,,,,,,
0.0,0.019737841561436653,2.8174603174603176e-06,11.21245828698554,1260,,,,,,,,,,,
0.0,0.004398297518491745,2.7513227513227516e-06,11.301446051167964,1270,,,,,,,,,,,
0.0,0.009558864869177341,2.6851851851851856e-06,11.39043381535039,1280,,,,,,,,,,,
0.0,0.009406669065356255,2.6190476190476192e-06,11.479421579532815,1290,,,,,,,,,,,
0.0,0.004100595135241747,2.5529100529100532e-06,11.568409343715238,1300,,,,,,,,,,,
,,,11.568409343715238,1300,1.4469064474105835,0.6970954356846473,0.4602510460251046,262.7725,0.167,0.167,,,,,
0.0,0.009776641614735126,2.486772486772487e-06,11.657397107897664,1310,,,,,,,,,,,
0.0,0.009592468850314617,2.420634920634921e-06,11.746384872080089,1320,,,,,,,,,,,
0.0,0.005101768299937248,2.3544973544973545e-06,11.835372636262514,1330,,,,,,,,,,,
0.0,0.014921785332262516,2.2883597883597885e-06,11.92436040044494,1340,,,,,,,,,,,
0.0,0.009870228357613087,2.222222222222222e-06,12.013348164627363,1350,,,,,,,,,,,
0.0,0.004805983509868383,2.156084656084656e-06,12.102335928809788,1360,,,,,,,,,,,
0.0,0.004676597658544779,2.08994708994709e-06,12.191323692992214,1370,,,,,,,,,,,
0.0,0.010469759814441204,2.023809523809524e-06,12.280311457174639,1380,,,,,,,,,,,
0.0,0.005992113146930933,1.9576719576719577e-06,12.369299221357064,1390,,,,,,,,,,,
0.0,0.008040175773203373,1.8915343915343918e-06,12.458286985539488,1400,,,,,,,,,,,
,,,12.458286985539488,1400,1.447041392326355,0.7344398340248963,0.49686192468619245,260.2524,0.169,0.169,,,,,
0.0,0.00750512070953846,1.8253968253968254e-06,12.547274749721913,1410,,,,,,,,,,,
0.0,0.005740027409046888,1.7592592592592594e-06,12.636262513904338,1420,,,,,,,,,,,
0.0,0.007337474729865789,1.6931216931216932e-06,12.725250278086763,1430,,,,,,,,,,,
0.0,0.005555467214435339,1.6269841269841272e-06,12.814238042269189,1440,,,,,,,,,,,
0.0,0.005497556645423174,1.5608465608465608e-06,12.903225806451612,1450,,,,,,,,,,,
0.0,0.006530880928039551,1.4947089947089948e-06,12.992213570634037,1460,,,,,,,,,,,
0.0,0.00938284583389759,1.4285714285714286e-06,13.081201334816463,1470,,,,,,,,,,,
0.0,0.008757334202528,1.3624338624338626e-06,13.170189098998888,1480,,,,,,,,,,,
0.0,0.007967323064804077,1.2962962962962962e-06,13.259176863181313,1490,,,,,,,,,,,
0.0,0.01049382146447897,1.2301587301587303e-06,13.348164627363737,1500,,,,,,,,,,,
,,,13.348164627363737,1500,1.4498494863510132,0.7261410788381742,0.497907949790795,261.3478,0.168,0.168,,,,,
0.0,0.005539512261748314,1.164021164021164e-06,13.437152391546162,1510,,,,,,,,,,,
0.0,0.005838804412633181,1.0978835978835979e-06,13.526140155728587,1520,,,,,,,,,,,
0.0,0.01254456490278244,1.0317460317460317e-06,13.615127919911012,1530,,,,,,,,,,,
0.0,0.01121158804744482,9.656084656084657e-07,13.704115684093438,1540,,,,,,,,,,,
0.0,0.005797246005386114,8.994708994708995e-07,13.793103448275861,1550,,,,,,,,,,,
0.0,0.008412575349211693,8.333333333333333e-07,13.882091212458286,1560,,,,,,,,,,,
0.0,0.010631764307618141,7.671957671957672e-07,13.971078976640712,1570,,,,,,,,,,,
0.0,0.007624244783073664,7.010582010582011e-07,14.060066740823137,1580,,,,,,,,,,,
0.0,0.011925121769309044,6.34920634920635e-07,14.149054505005562,1590,,,,,,,,,,,
0.0,0.011626824736595154,5.687830687830688e-07,14.238042269187986,1600,,,,,,,,,,,
,,,14.238042269187986,1600,1.450114369392395,0.8340248962655602,0.6297071129707112,301.6847,0.146,0.146,,,,,
0.0,0.008633515797555447,5.026455026455027e-07,14.327030033370411,1610,,,,,,,,,,,
0.0,0.003848810214549303,4.365079365079365e-07,14.416017797552836,1620,,,,,,,,,,,
0.0,0.0068558440543711185,3.7037037037037036e-07,14.505005561735262,1630,,,,,,,,,,,
0.0,0.00594748742878437,3.042328042328042e-07,14.593993325917687,1640,,,,,,,,,,,
0.0,0.007741609588265419,2.3809523809523811e-07,14.68298109010011,1650,,,,,,,,,,,
0.0,0.005299997515976429,1.7195767195767198e-07,14.771968854282536,1660,,,,,,,,,,,
0.0,0.00702298479154706,1.0582010582010582e-07,14.86095661846496,1670,,,,,,,,,,,
0.0,0.007364576682448387,3.9682539682539686e-08,14.949944382647386,1680,,,,,,,,,,,
,,,14.949944382647386,1680,,,,,,,86086.0566,0.157,0.02,3.8785877803008e+18,0.11314632196053502
,,,14.949944382647386,1680,1.2802400588989258,0.8435754189944135,0.619794809897405,283.6575,0.159,0.159,,,,,
